validation,feature_set,target_mode,fold,spatial_block,n_train,n_test,n_features,R2,RMSE,MAE,train_R2,inner_best_R2_fit_scale,best_params,cnn_source,selected_pca_variance,n_pca_components
random_5fold,Remote sensing only,raw,1,,1677.0,420.0,19,0.5407759208625609,130.4114308923262,78.27162332980731,0.7801284796931877,0.5118590179593357,"{""colsample_bytree"": 1.0, ""gamma"": 0.25, ""learning_rate"": 0.03, ""max_depth"": 4, ""min_child_weight"": 3, ""n_estimators"": 300, ""reg_alpha"": 0.1, ""reg_lambda"": 10, ""subsample"": 0.6}",,,
random_5fold,Remote sensing only,raw,2,,1677.0,420.0,19,0.5900317387527084,133.34818482293937,85.31480161342463,0.8330961716299803,0.5036694122042071,"{""colsample_bytree"": 0.5, ""gamma"": 0, ""learning_rate"": 0.03, ""max_depth"": 6, ""min_child_weight"": 1, ""n_estimators"": 300, ""reg_alpha"": 0.1, ""reg_lambda"": 20, ""subsample"": 0.6}",,,
random_5fold,Remote sensing only,raw,3,,1678.0,419.0,19,0.4154974299584837,179.67385314450624,89.47241044779258,0.8170437365919838,0.5569378725214964,"{""colsample_bytree"": 1.0, ""gamma"": 0.1, ""learning_rate"": 0.01, ""max_depth"": 6, ""min_child_weight"": 5, ""n_estimators"": 300, ""reg_alpha"": 0.01, ""reg_lambda"": 3, ""subsample"": 0.75}",,,
random_5fold,Remote sensing only,raw,4,,1678.0,419.0,19,0.5766207348532213,149.93043632417823,88.40583809720009,0.810132927538542,0.503349531464704,"{""colsample_bytree"": 0.9, ""gamma"": 0.05, ""learning_rate"": 0.01, ""max_depth"": 4, ""min_child_weight"": 5, ""n_estimators"": 1200, ""reg_alpha"": 1, ""reg_lambda"": 10, ""subsample"": 0.6}",,,
random_5fold,Remote sensing only,raw,5,,1678.0,419.0,19,0.5157261316123936,155.30868065799882,91.70707881668616,0.7145444131531046,0.515545553526975,"{""colsample_bytree"": 0.9, ""gamma"": 0.05, ""learning_rate"": 0.01, ""max_depth"": 4, ""min_child_weight"": 1, ""n_estimators"": 500, ""reg_alpha"": 0, ""reg_lambda"": 10, ""subsample"": 0.9}",,,
random_5fold,Urban spatial only,raw,1,,1677.0,420.0,17,0.6486892581336716,114.06411854027847,71.74423009681716,0.9065825426810045,0.5482937243055428,"{""colsample_bytree"": 0.7, ""gamma"": 0.25, ""learning_rate"": 0.03, ""max_depth"": 6, ""min_child_weight"": 3, ""n_estimators"": 500, ""reg_alpha"": 0.1, ""reg_lambda"": 20, ""subsample"": 1.0}",,,
random_5fold,Urban spatial only,raw,2,,1677.0,420.0,17,0.622951068107606,127.88242048236917,79.36485131147737,0.8446066851215215,0.56991317715596,"{""colsample_bytree"": 0.5, ""gamma"": 0, ""learning_rate"": 0.03, ""max_depth"": 6, ""min_child_weight"": 1, ""n_estimators"": 300, ""reg_alpha"": 0.1, ""reg_lambda"": 20, ""subsample"": 0.6}",,,
random_5fold,Urban spatial only,raw,3,,1678.0,419.0,17,0.46041762595567415,172.63169956576377,85.54515551208341,0.8290350154993847,0.6106771027774083,"{""colsample_bytree"": 1.0, ""gamma"": 0.1, ""learning_rate"": 0.01, ""max_depth"": 6, ""min_child_weight"": 5, ""n_estimators"": 300, ""reg_alpha"": 0.01, ""reg_lambda"": 3, ""subsample"": 0.75}",,,
random_5fold,Urban spatial only,raw,4,,1678.0,419.0,17,0.6053757335376715,144.74944468792944,83.81318921647053,0.8312199135499517,0.5388060621423886,"{""colsample_bytree"": 0.7, ""gamma"": 0.25, ""learning_rate"": 0.03, ""max_depth"": 5, ""min_child_weight"": 1, ""n_estimators"": 300, ""reg_alpha"": 1, ""reg_lambda"": 20, ""subsample"": 0.9}",,,
random_5fold,Urban spatial only,raw,5,,1678.0,419.0,17,0.6128562119005301,138.86294148103235,83.52495017456866,0.8743259095066807,0.5908990562994151,"{""colsample_bytree"": 1.0, ""gamma"": 0.05, ""learning_rate"": 0.01, ""max_depth"": 6, ""min_child_weight"": 1, ""n_estimators"": 800, ""reg_alpha"": 0, ""reg_lambda"": 20, ""subsample"": 0.9}",,,
random_5fold,All engineered features,raw,1,,,,36,0.6890775134476648,107.3073327794324,64.04329276778775,0.924927652031073,0.6319641208669546,"{""model__colsample_bytree"": 0.9, ""model__gamma"": 0.25, ""model__learning_rate"": 0.01, ""model__max_depth"": 5, ""model__min_child_weight"": 1, ""model__n_estimators"": 1200, ""model__reg_alpha"": 0.1, ""model__reg_lambda"": 10, ""model__subsample"": 1.0}",,,
random_5fold,All engineered features,raw,2,,,,36,0.706558450283185,112.81654467774014,68.80505360634241,0.986267993105739,0.6309352527898966,"{""model__colsample_bytree"": 0.7, ""model__gamma"": 0.05, ""model__learning_rate"": 0.03, ""model__max_depth"": 6, ""model__min_child_weight"": 1, ""model__n_estimators"": 800, ""model__reg_alpha"": 1, ""model__reg_lambda"": 10, ""model__subsample"": 0.6}",,,
random_5fold,All engineered features,raw,3,,,,36,0.5444106265097854,158.6274934387188,78.3522057056002,0.9893749648394184,0.6792328128804078,"{""model__colsample_bytree"": 0.5, ""model__gamma"": 0.05, ""model__learning_rate"": 0.08, ""model__max_depth"": 4, ""model__min_child_weight"": 1, ""model__n_estimators"": 800, ""model__reg_alpha"": 0, ""model__reg_lambda"": 20, ""model__subsample"": 0.6}",,,
random_5fold,All engineered features,raw,4,,,,36,0.6986019236982188,126.5013762911942,74.36708731411797,0.8835974233210955,0.6110371879134792,"{""model__colsample_bytree"": 0.7, ""model__gamma"": 0.25, ""model__learning_rate"": 0.03, ""model__max_depth"": 5, ""model__min_child_weight"": 1, ""model__n_estimators"": 300, ""model__reg_alpha"": 1, ""model__reg_lambda"": 20, ""model__subsample"": 0.9}",,,
random_5fold,All engineered features,raw,5,,,,36,0.6398373690523017,133.93668261177305,75.72748390478456,0.9985487600597192,0.658436243632994,"{""model__colsample_bytree"": 0.5, ""model__gamma"": 0.05, ""model__learning_rate"": 0.03, ""model__max_depth"": 6, ""model__min_child_weight"": 3, ""model__n_estimators"": 1200, ""model__reg_alpha"": 1, ""model__reg_lambda"": 5, ""model__subsample"": 1.0}",,,
spatial_kmeans_leave_one_out,Remote sensing only,raw,1,0.0,1661.0,436.0,19,-0.9335044708665312,125.30924430677017,90.79253934316645,0.754617887272051,0.059173002525794084,"{""colsample_bytree"": 1.0, ""gamma"": 0.1, ""learning_rate"": 0.01, ""max_depth"": 5, ""min_child_weight"": 10, ""n_estimators"": 300, ""reg_alpha"": 0.5, ""reg_lambda"": 3, ""subsample"": 0.9}",,,
spatial_kmeans_leave_one_out,Remote sensing only,raw,2,1.0,1465.0,632.0,19,0.05440369447232518,141.8293338727751,98.03738728039959,0.8674563520645473,-0.5281789161759082,"{""colsample_bytree"": 0.5, ""gamma"": 0, ""learning_rate"": 0.03, ""max_depth"": 6, ""min_child_weight"": 1, ""n_estimators"": 300, ""reg_alpha"": 0.1, ""reg_lambda"": 20, ""subsample"": 0.6}",,,
spatial_kmeans_leave_one_out,Remote sensing only,raw,3,2.0,1606.0,491.0,19,0.2704917425961405,73.88112815233198,50.187736500943586,0.7152876991101571,-0.34201353803673246,"{""colsample_bytree"": 0.5, ""gamma"": 0.05, ""learning_rate"": 0.01, ""max_depth"": 4, ""min_child_weight"": 3, ""n_estimators"": 800, ""reg_alpha"": 0.1, ""reg_lambda"": 20, ""subsample"": 0.75}",,,
spatial_kmeans_leave_one_out,Remote sensing only,raw,4,3.0,1559.0,538.0,19,0.024750162419633348,322.70835987244453,206.2046657970337,0.5725104979516524,0.009585001283424063,"{""colsample_bytree"": 0.5, ""gamma"": 0.1, ""learning_rate"": 0.01, ""max_depth"": 4, ""min_child_weight"": 10, ""n_estimators"": 500, ""reg_alpha"": 0.1, ""reg_lambda"": 10, ""subsample"": 0.6}",,,
spatial_kmeans_leave_one_out,Urban spatial only,raw,1,0.0,1661.0,436.0,17,-0.5656394044286912,112.76034402836059,64.23557253033839,0.7719967131324954,0.17966487624775881,"{""colsample_bytree"": 1.0, ""gamma"": 0, ""learning_rate"": 0.01, ""max_depth"": 4, ""min_child_weight"": 1, ""n_estimators"": 500, ""reg_alpha"": 0.1, ""reg_lambda"": 5, ""subsample"": 0.75}",,,
spatial_kmeans_leave_one_out,Urban spatial only,raw,2,1.0,1465.0,632.0,17,0.15456178424927203,134.10782446167948,89.13257318242013,0.8723789084257932,-0.020422453460690493,"{""colsample_bytree"": 0.5, ""gamma"": 0, ""learning_rate"": 0.03, ""max_depth"": 6, ""min_child_weight"": 1, ""n_estimators"": 300, ""reg_alpha"": 0.1, ""reg_lambda"": 20, ""subsample"": 0.6}",,,
spatial_kmeans_leave_one_out,Urban spatial only,raw,3,2.0,1606.0,491.0,17,0.3848952217885666,67.8411127478194,46.1599489482604,0.7537049109078737,0.007126526880444202,"{""colsample_bytree"": 0.5, ""gamma"": 0.05, ""learning_rate"": 0.01, ""max_depth"": 4, ""min_child_weight"": 3, ""n_estimators"": 800, ""reg_alpha"": 0.1, ""reg_lambda"": 20, ""subsample"": 0.75}",,,
spatial_kmeans_leave_one_out,Urban spatial only,raw,4,3.0,1559.0,538.0,17,0.10435681779041495,309.2571753961538,196.510018502309,0.5631795779252808,0.24280267691198287,"{""colsample_bytree"": 1.0, ""gamma"": 0.25, ""learning_rate"": 0.01, ""max_depth"": 3, ""min_child_weight"": 3, ""n_estimators"": 500, ""reg_alpha"": 0, ""reg_lambda"": 20, ""subsample"": 0.75}",,,
spatial_kmeans_leave_one_out,All engineered features,raw,1,,,,36,-0.4143175771299761,107.17265508514338,70.17729761208412,0.8630372600815469,0.3318149029367008,"{""model__colsample_bytree"": 1.0, ""model__gamma"": 0, ""model__learning_rate"": 0.01, ""model__max_depth"": 6, ""model__min_child_weight"": 5, ""model__n_estimators"": 300, ""model__reg_alpha"": 0.01, ""model__reg_lambda"": 3, ""model__subsample"": 0.9}",,,
spatial_kmeans_leave_one_out,All engineered features,raw,2,,,,36,0.3636848302951967,116.3454271038538,77.3937842609167,0.9111626906720642,-0.1097828082596702,"{""model__colsample_bytree"": 0.5, ""model__gamma"": 0, ""model__learning_rate"": 0.03, ""model__max_depth"": 6, ""model__min_child_weight"": 1, ""model__n_estimators"": 300, ""model__reg_alpha"": 0.1, ""model__reg_lambda"": 20, ""model__subsample"": 0.6}",,,
spatial_kmeans_leave_one_out,All engineered features,raw,3,,,,36,0.4972659236995805,61.332063147443115,42.55926569038005,0.8213056495147629,0.0632883550693377,"{""model__colsample_bytree"": 0.5, ""model__gamma"": 0.05, ""model__learning_rate"": 0.01, ""model__max_depth"": 4, ""model__min_child_weight"": 3, ""model__n_estimators"": 800, ""model__reg_alpha"": 0.1, ""model__reg_lambda"": 20, ""model__subsample"": 0.75}",,,
spatial_kmeans_leave_one_out,All engineered features,raw,4,,,,36,0.2267903967818165,287.3431791223557,177.5813609452602,0.8514655353204289,0.2022856346009208,"{""model__colsample_bytree"": 0.9, ""model__gamma"": 0.05, ""model__learning_rate"": 0.01, ""model__max_depth"": 4, ""model__min_child_weight"": 5, ""model__n_estimators"": 1200, ""model__reg_alpha"": 1, ""model__reg_lambda"": 10, ""model__subsample"": 0.6}",,,
